{
	"format_version": "1.8.0",
	"animations": {
		"idle": {
			"loop": true,
			"animation_length": 8,
			"bones": {
				"slicer": {
					"rotation": {
						"0.0": {
							"vector": [43.54709, 39.27168, -13.65048]
						},
						"4.0417": {
							"vector": [38.82014, 39.40273, -11.42902]
						},
						"8.0": {
							"vector": [43.54709, 39.27168, -13.65048]
						}
					},
					"position": {
						"0.0": {
							"vector": [0, 0, 0]
						},
						"8.0": {
							"vector": [0, 0, 0]
						}
					},
					"scale": {
						"0.0": {
							"vector": [0.8, 0.85, 0.85]
						},
						"8.0": {
							"vector": [0.8, 0.85, 0.85]
						}
					}
				},
				"leftArm": {
					"rotation": {
						"0.0": {
							"vector": [40.19976, 27.17461, 32.78784]
						},
						"4.0": {
							"vector": [41.59668, 28.1368, 31.48864],
							"easing": "easeInOutCubic"
						},
						"8.0": {
							"vector": [40.19976, 27.17461, 32.78784]
						}
					},
					"position": {
						"0.0": {
							"vector": [1, -3, -3]
						},
						"8.0": {
							"vector": [1, -3, -3]
						}
					}
				},
				"rightArm": {
					"rotation": {
						"0.0": {
							"vector": [5, 0, 12.5]
						},
						"4.0417": {
							"vector": [11.99318, -0.26135, 15.4886]
						},
						"8.0": {
							"vector": [5, 0, 12.5]
						}
					},
					"position": {
						"0.0": {
							"vector": [2, 0, 7]
						},
						"4.0417": {
							"vector": [2.1875, 0, 6.25]
						},
						"8.0": {
							"vector": [2, 0, 7]
						}
					}
				}
			}
		},
		"windUpDown": {
			"loop": "hold_on_last_frame",
			"animation_length": 0.5,
			"bones": {
				"slicer": {
					"rotation": {
						"0.0": {
							"vector": [43.54709, 39.27168, -13.65048]
						},
						"0.5": {
							"vector": [24.43213, 22.56475, -11.74145],
							"easing": "easeInQuad"
						}
					},
					"position": {
						"0.0": {
							"vector": [0, 0, 0]
						},
						"0.25": {
							"vector": [0, 0, -0.0625]
						},
						"0.5": {
							"vector": [0, 0, -2.4975]
						}
					},
					"scale": {
						"vector": [0.8, 0.85, 0.85]
					}
				},
				"leftArm": {
					"rotation": {
						"0.0": {
							"vector": [40.19976, 27.17461, 32.78784]
						},
						"0.375": {
							"vector": [44.7572, 21.69507, 39.35868]
						},
						"0.5": {
							"vector": [52.11004, 10.42206, 22.09017]
						}
					},
					"position": {
						"0.0": {
							"vector": [1, -3, -3]
						},
						"0.25": {
							"vector": [0, -1.5, -1.7825]
						},
						"0.375": {
							"vector": [-0.5, 0.25, -3.11]
						},
						"0.5": {
							"vector": [-1, 1.5625, -5.435]
						}
					}
				},
				"rightArm": {
					"rotation": {
						"0.0": {
							"vector": [5, 0, 12.5]
						},
						"0.2083": {
							"vector": [4.98107, -0.43523, 17.48107]
						},
						"0.2917": {
							"vector": [4.99527, -0.21782, 14.9905]
						},
						"0.5": {
							"vector": [4.99527, 0.21782, 10.0095]
						}
					},
					"position": {
						"0.0": {
							"vector": [2, 0, 7]
						},
						"0.3333": {
							"vector": [2, 1, 7]
						},
						"0.4583": {
							"vector": [-0.5625, 1, 6.0625]
						}
					}
				}
			}
		},
		"active": {
			"loop": true,
			"animation_length": 0.2083,
			"bones": {
				"slicer": {
					"rotation": {
						"0.0": {
							"vector": [24.43213, 22.56475, -11.74145],
							"easing": "easeInQuad"
						},
						"0.1667": {
							"vector": [24.43213, 22.56475, -11.74145],
							"easing": "easeInQuad"
						}
					},
					"position": {
						"0.0": {
							"vector": [0, 0, -2.4975]
						},
						"0.0833": {
							"vector": [0, 0, -2.25]
						},
						"0.1667": {
							"vector": [0, 0, -2.4975]
						}
					},
					"scale": {
						"0.0": {
							"vector": [0.8, 0.85, 0.85]
						},
						"0.1667": {
							"vector": [0.8, 0.85, 0.85]
						}
					}
				},
				"leftArm": {
					"rotation": {
						"0.0": {
							"vector": [52.11004, 10.42206, 22.09017]
						},
						"0.0833": {
							"vector": [52.2185, 9.63228, 22.71308],
							"easing": "easeInCubic"
						},
						"0.1667": {
							"vector": [52.11004, 10.42206, 22.09017]
						}
					},
					"position": {
						"0.0": {
							"vector": [-1, 1.5625, -5.435]
						},
						"0.0833": {
							"vector": [-1, 1.56, -5.18]
						},
						"0.1667": {
							"vector": [-1, 1.5625, -5.435]
						}
					}
				},
				"rightArm": {
					"rotation": {
						"0.0": {
							"vector": [4.99527, 0.21782, 10.0095]
						},
						"0.0833": {
							"vector": [3.99527, 0.21782, 10.0095]
						},
						"0.1667": {
							"vector": [4.99527, 0.21782, 10.0095]
						}
					},
					"position": {
						"0.0": {
							"vector": [-0.5625, 1, 6.0625]
						},
						"0.0833": {
							"vector": [-0.56, 1, 6.185]
						},
						"0.1667": {
							"vector": [-0.5625, 1, 6.0625]
						}
					}
				}
			}
		}
	}
}